"TaskName","State","TaskPath"
"ADAL-Daemon","Ready","\"
"ADAL-Watchdog","Ready","\"
"Amplissa_Deploy_Check","Disabled","\"
"AmplissaTunnel","Disabled","\"
"ArbDesk_Crypto","Disabled","\"
"ArbDesk_Fiat","Disabled","\"
"ArbDesk_Summary","Disabled","\"
"AsrAPPShop","Ready","\"
"BDSM_Daily","Disabled","\"
"BE-Stripe","Disabled","\"
"BE-Web","Disabled","\"
"BEC_CRYPTO_ENGINE","Ready","\"
"BrownEye 2am Guardian","Disabled","\"
"BrownEye-Amplissa-5min","Disabled","\"
"BrownEye-AutoStart","Disabled","\"
"BrownEye-Captions-10","Disabled","\"
"BrownEye-CartoonStudio-5min","Disabled","\"
"BrownEye-Core6.1-DualLLMTaskEngine","Disabled","\"
"BrownEye-Core6.1-FactoryDigest","Disabled","\"
"BrownEye-Core6.1-FeedbackLoop","Disabled","\"
"BrownEye-Core6.1-MarketingGenerator","Disabled","\"
"BrownEye-Core6.1-MarketIntel","Disabled","\"
"BrownEye-Core6.1-MVPBuilder","Disabled","\"
"BrownEye-Core6.1-ProductBlueprints","Disabled","\"
"BrownEye-Core6.1-SellerOptimization","Disabled","\"
"BrownEye-Core6.1-WordbankEvolver","Disabled","\"
"BrownEye-DeckSim-Daily","Disabled","\"
"BrownEye-Equibase-Dash-23","Disabled","\"
"BrownEye-HappyHomarid-5min","Disabled","\"
"BrownEye-MTG-09","Disabled","\"
"BrownEye-Orchestrator","Disabled","\"
"BrownEye-SpikeReport","Disabled","\"
"BrownEye-TradeMe-Relist-Reminder","Disabled","\"
"BrownEye-Watchdog","Disabled","\"
"BrownEye-Worker","Disabled","\"
"BROWNEYE.AllSeeingAudit.OnStart","Disabled","\"
"BROWNEYE.AllSeeingAudit.Tick5","Disabled","\"
"BROWNEYE.Autopilot.Boot","Disabled","\"
"BROWNEYE.Autopilot.Every10m","Disabled","\"
"BROWNEYE.DoorwayTick5.OnStart","Disabled","\"
"BROWNEYE.DoorwayTick5.Tick5","Disabled","\"
"BROWNEYE.FactoryAutopilot.AtStartup","Disabled","\"
"BROWNEYE.FactoryAutopilot.Every15m","Disabled","\"
"BROWNEYE.FactoryAutostart.Logon.V2","Disabled","\"
"BROWNEYE.IterativeRefinement.OnBoot","Disabled","\"
"BROWNEYE.IterativeRefinement.Watchdog","Disabled","\"
"BROWNEYE.IterRefineLoop.OnStart","Disabled","\"
"BROWNEYE.IterRefineLoop.Tick5","Disabled","\"
"BROWNEYE.IterRefineTick5.OnStart","Disabled","\"
"BROWNEYE.IterRefineTick5.Tick5","Disabled","\"
"BROWNEYE.SeedBoost.Watchdog.15m","Disabled","\"
"BROWNEYE.SeedDirectRefine.OnBoot","Disabled","\"
"BROWNEYE.SeedDirectRefine.Tick15","Disabled","\"
"BROWNEYE__StripeListenerWatchdog_2MIN","Disabled","\"
"BROWNEYE__StripeWebhookListener","Disabled","\"
"BrownEye_AutoArtifactGrader","Disabled","\"
"BROWNEYE_AutoBootForge_1min","Disabled","\"
"BrownEye_AutoNodes","Disabled","\"
"BROWNEYE_AutonomyPackV1_30Min","Disabled","\"
"BROWNEYE_AutoPublisher","Disabled","\"
"BrownEye_AutoRouter","Disabled","\"
"BrownEye_AutoRunner_1min","Disabled","\"
"BrownEye_AutoSell","Disabled","\"
"BROWNEYE_BatteryRunner_LMStudio_Outbox","Disabled","\"
"BROWNEYE_BillboardFulfill_1min","Disabled","\"
"BROWNEYE_BillboardLaneProbe_15min","Disabled","\"
"BROWNEYE_BillboardSmallSKU_Process_2min","Disabled","\"
"BROWNEYE_BillboardSmallSKU_Verify_15min","Disabled","\"
"BROWNEYE_BillboardXsNoiseGuard_2min","Disabled","\"
"BROWNEYE_BillboardXsNoiseGuard_AtLogon","Disabled","\"
"BROWNEYE_BillboardXsSKU_Process_1min","Disabled","\"
"BROWNEYE_BillboardXsSKU_Verify_15min","Disabled","\"
"BrownEye_BoringMoney_GrowthPack_10min","Disabled","\"
"BrownEye_BoringMoney_KPIs_5min","Disabled","\"
"BrownEye_BoringMoney_OfferForge_30min","Disabled","\"
"BrownEye_BoringMoney_OrderWorker_2min","Disabled","\"
"BrownEye_BoringMoney_ScaleKill_60min","Disabled","\"
"BrownEye_BoringMoney_Watchdog_5min","Disabled","\"
"BrownEye_BoringMoney_Worker_2min","Disabled","\"
"BROWNEYE_BrandForge_Daily","Disabled","\"
"BROWNEYE_BrowneyeDoorway_AtBoot","Disabled","\"
"BROWNEYE_BrowneyeDoorway_Health_2min","Disabled","\"
"BROWNEYE_BrowneyeDoorway_Rotate_30min","Disabled","\"
"BROWNEYE_BusRoutenSignalScout_Every30Min","Disabled","\"
"BROWNEYE_BusRoutenSignalScout_NightlyAudit","Disabled","\"
"BROWNEYE_BusRunner_5min","Disabled","\"
"BROWNEYE_BusRunner_ONLOGON","Disabled","\"
"BROWNEYE_Caretaker_2min","Disabled","\"
"BROWNEYE_CashCaretaker_2min","Disabled","\"
"BROWNEYE_CashClosure_Verify_15min","Disabled","\"
"BROWNEYE_CashEngine_Gateway_AtBoot","Disabled","\"
"BROWNEYE_CashFix_Gateway_AtLogon","Disabled","\"
"BrownEye_CashLoop_2min","Disabled","\"
"BrownEye_CashLoop_AtBoot","Disabled","\"
"BROWNEYE_CashLoop_Gateway_AlwaysOn","Disabled","\"
"BROWNEYE_CashLoop_Generator_15min","Disabled","\"
"BROWNEYE_CashLoop_Server_AtBoot","Disabled","\"
"BROWNEYE_CashLoop_Worker_1min","Disabled","\"
"BROWNEYE_CashLoopStatus_10min","Disabled","\"
"BROWNEYE_CashMintDesk_30Min","Disabled","\"
"BROWNEYE_CashMintDesk_Watchdog_60Min","Disabled","\"
"BROWNEYE_CashRailV1_Listener_AtLogon","Disabled","\"
"BROWNEYE_CashRailV1_Verify_15min","Disabled","\"
"BROWNEYE_CC_ARB_WATCHDOG","Disabled","\"
"BrownEye_ChaosCashBoard_30Min","Disabled","\"
"BROWNEYE_ChatGPTExportAwaiter_15min","Disabled","\"
"BROWNEYE_CheckoutGateway_1min","Disabled","\"
"BrownEye_CheckoutGateway_AtBoot","Disabled","\"
"BrownEye_CheckoutGateway_Health_10min","Disabled","\"
"BrownEye_CheckoutGateway_OnLogon","Disabled","\"
"BrownEye_CheckoutLite_Inject_10min","Disabled","\"
"BrownEye_CheckoutLite_StageOutreach_10min","Disabled","\"
"BrownEye_Cinema_Server_AtBoot","Disabled","\"
"BrownEye_Cinema_Watchdog_5min","Disabled","\"
"BrownEye_CinemaServer","Disabled","\"
"BrownEye_CinemaWatchdog","Disabled","\"
"BROWNEYE_CineSlice_Ensure_1min","Disabled","\"
"BROWNEYE_CineSlice_Ensure_AtBoot","Disabled","\"
"BROWNEYE_CIRCULATORY_SPINE_SWEEP","Disabled","\"
"BROWNEYE_ClaimDoorwayServer_AtStartup","Disabled","\"
"BROWNEYE_ClaimIndex_Every5Min","Disabled","\"
"BROWNEYE_ClaimServer_AtBoot","Disabled","\"
"BROWNEYE_CloudBackup","Disabled","\"
"BROWNEYE_CmdWrapperPurity_Watchdog_10Min","Disabled","\"
"BROWNEYE_CodeHardener_1min","Disabled","\"
"BROWNEYE_CodeHardener_Watchdog_5min","Disabled","\"
"BROWNEYE_CodeHardening_1min","Disabled","\"
"BrownEye_Codex_Status","Disabled","\"
"BROWNEYE_CodexAutopilot_1min","Disabled","\"
"BROWNEYE_ConstitutionGatewayShim_Watchdog","Disabled","\"
"BROWNEYE_ContinuityModule_5min","Disabled","\"
"BROWNEYE_ControlRoom2_AlwaysOn","Disabled","\"
"BROWNEYE_ControlRoom2_AtLogon","Disabled","\"
"BROWNEYE_ControlRoom2_Watchdog","Disabled","\"
"BrownEye_ControlRoom_Collector_1min","Disabled","\"
"BROWNEYE_ControlRoom_Dashboard","Disabled","\"
"BROWNEYE_ControlRoom_Health_5min","Disabled","\"
"BrownEye_ControlRoom_HealthBar_1min","Disabled","\"
"BrownEye_ControlRoom_Watchdog_5min","Disabled","\"
"BrownEye_ControlRoom_Web_AtBoot","Disabled","\"
"BROWNEYE_ControlRoomLite_1min","Disabled","\"
"BrownEye_ControlRoomLite_2min","Disabled","\"
"BROWNEYE_ControlRoomLite_LMStudioStatus_1min","Disabled","\"
"BROWNEYE_ControlRoomLite_OpsProbe_5min","Disabled","\"
"BROWNEYE_ControlRoomLiteServer_1min","Disabled","\"
"BROWNEYE_ControlRoomLiteServer_AtBoot","Disabled","\"
"BROWNEYE_ControlRoomServer_AtBoot","Disabled","\"
"BROWNEYE_ControlRoomServer_Watchdog_5min","Disabled","\"
"BROWNEYE_ControlRoomStub_AtBoot","Disabled","\"
"BROWNEYE_ControlRoomUnified_AtBoot","Disabled","\"
"BROWNEYE_ConversationPowerShellRecovery_15Min","Disabled","\"
"BROWNEYE_CORE_SPINE","Disabled","\"
"BROWNEYE_CORE_SPINE_ATBOOT","Disabled","\"
"BrownEye_CourseDeals","Disabled","\"
"BROWNEYE_CrashCatcher_1min","Disabled","\"
"BrownEye_CryptoAlerts","Disabled","\"
"BROWNEYE_CryptoArbitrage","Disabled","\"
"BrownEye_Daily_Proof_Audit","Disabled","\"
"BROWNEYE_DailyDigest_0730","Disabled","\"
"BROWNEYE_Dash_AlwaysOn","Disabled","\"
"BROWNEYE_DASH_HOST","Disabled","\"
"BROWNEYE_DASH_SMOKE_1MIN","Disabled","\"
"BROWNEYE_Dash_Watchdog","Disabled","\"
"BROWNEYE_DashboardReal_Hourly","Disabled","\"
"BROWNEYE_DashEnhancer_30min","Disabled","\"
"BROWNEYE_DashFrontDoor_AtBoot","Disabled","\"
"BROWNEYE_DashHost_AtBoot","Disabled","\"
"BROWNEYE_DashHost_AtLogon","Disabled","\"
"BROWNEYE_DashHost_Watchdog_5min","Disabled","\"
"BROWNEYE_DashNoAuth_AtBoot","Disabled","\"
"BROWNEYE_DashNoAuth_Watchdog_2min","Disabled","\"
"BROWNEYE_DashNoAuthCanon_AtBoot","Disabled","\"
"BROWNEYE_DashNoAuthCanon_Watchdog_1min","Disabled","\"
"BROWNEYE_DataCleanPack_Auto_1min","Disabled","\"
"BROWNEYE_Deadman_60min","Disabled","\"
"BrownEye_DealsArbitrage","Disabled","\"
"BROWNEYE_DELIVERY_APPROVAL_CONSUMER_2MIN","Disabled","\"
"BROWNEYE_DELIVERY_DIGEST_8PM","Disabled","\"
"BROWNEYE_DELIVERY_LENS_1MIN","Disabled","\"
"BROWNEYE_DELIVERY_PAID_2MIN","Disabled","\"
"BROWNEYE_DELIVERY_WORKER_CPU_2MIN","Disabled","\"
"BrownEye_DemandDaemon","Disabled","\"
"BROWNEYE_DemandHunter","Disabled","\"
"BROWNEYE_DemandSynth_15m","Disabled","\"
"BROWNEYE_DesktopControlPlane_Refresh_15min","Disabled","\"
"BROWNEYE_DesktopControlPlane_Refresh_AtLogon","Disabled","\"
"BROWNEYE_DesktopControlPlaneWatchdogV1_10min","Disabled","\"
"BROWNEYE_DesktopControlPlaneWatchdogV1_AtLogon","Disabled","\"
"BROWNEYE_DesktopOnlyKit_Board_2Min","Disabled","\"
"BROWNEYE_DesktopOnlyKit_PollDeliver_2Min","Disabled","\"
"Browneye_Discord_Reaction_Weighting","Disabled","\"
"BrownEye_DiscordBrief_15min","Disabled","\"
"BROWNEYE_DiscordSystemProbe_FileFirst_Once","Disabled","\"
"BROWNEYE_DiscordSystemProbe_Once","Disabled","\"
"BROWNEYE_DistributionForge_6h","Disabled","\"
"BROWNEYE_DistributionPinger_2min","Disabled","\"
"BrownEye_DomainScanner","Disabled","\"
"BROWNEYE_DoorFactoryOrchestrator_1min","Disabled","\"
"BROWNEYE_DoorFactoryWatchdog_5min","Disabled","\"
"BROWNEYE_DoorwayComposer_30m","Disabled","\"
"BROWNEYE_DoorwayComposer_OnStart","Disabled","\"
"BrownEye_DoorwayQR_60min","Disabled","\"
"BROWNEYE_DoorwayQR_Health_5min","Disabled","\"
"BROWNEYE_DoorwayQR_Health_AtBoot","Disabled","\"
"BROWNEYE_DoorwayQR_HealthPing_30m","Disabled","\"
"BROWNEYE_DoorwaySKU_AtBoot","Disabled","\"
"BrownEye_DraftHarvester","Disabled","\"
"BrownEye_DualLLM_Engine","Disabled","\"
"BROWNEYE_Elohim_1min","Disabled","\"
"BROWNEYE_EmpireSequencer_15Min","Disabled","\"
"BROWNEYE_Enforcer","Disabled","\"
"BROWNEYE_EnsureIterativeRefinement_1min","Disabled","\"
"BROWNEYE_EnsureIterativeRefinement_AtBoot","Disabled","\"
"BROWNEYE_EOV_CinemaServer_AtBoot","Disabled","\"
"BROWNEYE_EOV_Dispatcher_2min","Disabled","\"
"BROWNEYE_EOV_KillBluePS_1min","Disabled","\"
"BROWNEYE_EOV_KillBluePS_5min","Disabled","\"
"BROWNEYE_EOV_Last20hCollage_2min","Disabled","\"
"BROWNEYE_EOV_Last20hCollage_Daily","Disabled","\"
"BROWNEYE_EOV_Last20hCollage_Daily0900","Disabled","\"
"BrownEye_EOV_SurfaceAgent_30min","Disabled","\"
"BrownEye_EOV_SurfaceSite_Health_10min","Disabled","\"
"BrownEye_EOV_SurfaceSite_OnLogon","Disabled","\"
"BROWNEYE_EOV_TaskFix_5min","Disabled","\"
"BrownEye_ExecSim_ConsumeApproved","Disabled","\"
"BROWNEYE_ExitToday_Verify_15min","Disabled","\"
"BrownEye_Factory_Watchdog_5min","Disabled","\"
"BrownEye_FactoryScheduler","Disabled","\"
"BROWNEYE_FallbackDrainer_2min","Disabled","\"
"BROWNEYE_FallbackDrainer_5min","Disabled","\"
"BROWNEYE_FallbackDrainer_Startup","Disabled","\"
"BROWNEYE_FallbackSeedDrainerV2_Tick_2min","Disabled","\"
"BROWNEYE_FallbackSeedDrainerV2_Tick_Startup","Disabled","\"
"BROWNEYE_FARM_RUNNER","Disabled","\"
"BROWNEYE_FARM_TRIPWIRE","Disabled","\"
"BROWNEYE_FARM_TUNNEL","Disabled","\"
"BROWNEYE_FARM_WEBHOOK","Disabled","\"
"BROWNEYE_FastCashNow_15min","Disabled","\"
"BROWNEYE_FastCashNow_Watchdog_5min","Disabled","\"
"BrownEye_FeedbackEngine","Disabled","\"
"BrownEye_Finished_Hourly","Disabled","\"
"BROWNEYE_FirstDollar_DiscordDispatcher_1min","Disabled","\"
"BROWNEYE_FirstDollar_PayHere_Server","Disabled","\"
"BrownEye_ForceRelease_VarianceCheck","Disabled","\"
"BROWNEYE_ForemanV4_Queue_2min","Disabled","\"
"BrownEye_FreeDigest","Disabled","\"
"BROWNEYE_FrictionRemover_1min","Disabled","\"
"BROWNEYE_Fulfillment_Smoke_30min","Disabled","\"
"BROWNEYE_Fulfillment_Smoke_Watchdog_15min","Disabled","\"
"BROWNEYE_FulfillmentOnce_1min","Disabled","\"
"BrownEye_GaragePrepare","Disabled","\"
"BrownEye_GauntletBridge_AtBoot","Disabled","\"
"BROWNEYE_GEN_ADULT","Disabled","\"
"BROWNEYE_GEN_CRYPTO_FLIPS","Disabled","\"
"BROWNEYE_GEN_FLIPS","Disabled","\"
"BROWNEYE_GEN_MTG_FLIPS","Disabled","\"
"BrownEye_GlobalPipeline","Disabled","\"
"BROWNEYE_GoldenSignals_Collector_5min","Disabled","\"
"BROWNEYE_GoldenSignals_Health_5min","Disabled","\"
"BrownEye_Governor_Dashboard","Disabled","\"
"BrownEye_Governor_Decider","Disabled","\"
"BrownEye_GPUProve_AtBoot","Disabled","\"
"BROWNEYE_GPUWatchdog_5min","Disabled","\"
"BrownEye_GumroadPackager_Startup","Disabled","\"
"BROWNEYE_HandoverExporterV1_6Hour","Disabled","\"
"BROWNEYE_HEADLESS_ENFORCER","Disabled","\"
"BROWNEYE_HealthBar_10m","Disabled","\"
"BROWNEYE_HealthBar_2min","Disabled","\"
"BROWNEYE_HealthBar_5min","Disabled","\"
"BROWNEYE_HealthBar_NBPS_15min","Disabled","\"
"BROWNEYE_HealthBarKit_1min","Disabled","\"
"BROWNEYE_HealthBarUnified_1min","Disabled","\"
"BROWNEYE_HealthCheck","Disabled","\"
"BROWNEYE_HealthLatest_5min","Disabled","\"
"BROWNEYE_Heartbeat_AtBoot","Disabled","\"
"BrownEye_Heartbeat_Hourly","Disabled","\"
"BrownEye_Heartbeat_Revenue","Disabled","\"
"BROWNEYE_HH_OutreachStatus_15min","Disabled","\"
"BROWNEYE_HH_Pricing_DriftDaily","Disabled","\"
"BROWNEYE_HH_ProofStack_Weekly","Disabled","\"
"BROWNEYE_HH_ReleaseVerify_Daily","Disabled","\"
"BROWNEYE_HumanTouchMoments_RunChecks_60m","Disabled","\"
"BROWNEYE_IndexBootstraps_Weekly","Disabled","\"
"BROWNEYE_INGEST_CRYPTO","Disabled","\"
"BROWNEYE_INGEST_MTG","Disabled","\"
"BrownEye_IPFactoryPrompt3_1min","Disabled","\"
"BROWNEYE_ITERREF_Tick_2min","Disabled","\"
"BROWNEYE_ITERREF_Tick_AtStartup","Disabled","\"
"BROWNEYE_IterRefine_2min","Disabled","\"
"BROWNEYE_ITERREFINE_Bridge_2min","Disabled","\"
"BROWNEYE_ITERREFINE_Health_10min","Disabled","\"
"BROWNEYE_IterRefine_Startup","Disabled","\"
"BROWNEYE_ITERREFINE_Tick_5min","Disabled","\"
"BROWNEYE_ITERREFINE_Tick_Startup","Disabled","\"
"BROWNEYE_KelpCoin_Sync_60min","Disabled","\"
"BROWNEYE_KelpCoinClaim_AtBoot","Disabled","\"
"BROWNEYE_KelpCoinClaim_Heartbeat_1min","Disabled","\"
"BROWNEYE_KillBlueWindows_1min","Disabled","\"
"BROWNEYE_LedgerProofPackWorker_1min","Disabled","\"
"BROWNEYE_LedgerSpooler_Daily_BROWNSECTOR","Disabled","\"
"BROWNEYE_LLM_ENDPOINT_AUDIT_DAILY","Disabled","\"
"BROWNEYE_LLM_Health_5min","Disabled","\"
"BROWNEYE_LLM_WATCHDOG_2MIN","Disabled","\"
"BROWNEYE_LLMBridge_1min","Disabled","\"
"BrownEye_LLMProducts","Disabled","\"
"BrownEye_LM_TrafficPump_1min","Disabled","\"
"BROWNEYE_LMActivity_Watchdog_15min","Disabled","\"
"BrownEye_LMFactory_AtBoot","Disabled","\"
"BROWNEYE_LMStudio_Autostart","Disabled","\"
"BROWNEYE_LMSTUDIO_PROBE_5MIN","Disabled","\"
"BROWNEYE_LMSTUDIO_QuietPing_5min","Disabled","\"
"BROWNEYE_LMSTUDIO_QuietPing_Startup","Disabled","\"
"BROWNEYE_LMStudioAutoProbe_1min","Disabled","\"
"BROWNEYE_LMStudioAutoProbe_AtStartup","Disabled","\"
"BROWNEYE_LMStudioSmoke_5m","Disabled","\"
"BROWNEYE_LMStudioTraffic_1min","Disabled","\"
"BROWNEYE_LMStudioTraffic_AtStartup","Disabled","\"
"BROWNEYE_LocalServiceBlaster","Disabled","\"
"BROWNEYE_MACROENGINE_RUN","Disabled","\"
"BrownEye_MacroMesh_BUILD01_1min","Disabled","\"
"BrownEye_MacroMesh_ORCH01_1min","Disabled","\"
"BrownEye_MacroMesh_PACK01_1min","Disabled","\"
"BrownEye_MacroMesh_SPEC01_1min","Disabled","\"
"BROWNEYE_MACRONEXT_5min","Disabled","\"
"BROWNEYE_MACRONEXT_Startup","Disabled","\"
"BROWNEYE_MACRONEXT_Tick_2min","Disabled","\"
"BROWNEYE_MACRONEXT_Tick_5min","Disabled","\"
"BROWNEYE_MACRONEXT_Tick_Startup","Disabled","\"
"BROWNEYE_MassMarket_Autopilot_15min","Disabled","\"
"BROWNEYE_MassMarket_StorefrontWatchdog_5min","Disabled","\"
"BrownEye_MassMarketScaler_1min","Disabled","\"
"BROWNEYE_MasterOrchestrator","Disabled","\"
"BROWNEYE_MegaDash_OnStart","Disabled","\"
"BROWNEYE_MegaDash_Watchdog_5min","Disabled","\"
"BROWNEYE_MegaDashHost_AtBoot","Disabled","\"
"BROWNEYE_MEMORYBANK_REFRESH_15MIN","Disabled","\"
"BROWNEYE_MEMORYBANK_REFRESH_ONLOGON","Disabled","\"
"BROWNEYE_MemoryGateway_AtStartup","Disabled","\"
"BROWNEYE_MemoryGateway_Health_Every2Min","Disabled","\"
"BROWNEYE_MerchantKernel_SelfTest_AtLogon","Disabled","\"
"BROWNEYE_MerchantKernel_Verify_15min","Disabled","\"
"BROWNEYE_MeshDoctor_5min","Disabled","\"
"BROWNEYE_MeshLiteHub_AtBoot","Disabled","\"
"BROWNEYE_MeshLitePing_AtLogon","Disabled","\"
"BROWNEYE_MeshLiteWatchdog_5min","Disabled","\"
"BrownEye_MidnightSummary","Disabled","\"
"BROWNEYE_MonetizationSpine_15min","Disabled","\"
"BROWNEYE_MonetizeScore_5min","Disabled","\"
"BROWNEYE_MonetizeScore_AtBoot","Disabled","\"
"BROWNEYE_MONEY_LOOP","Disabled","\"
"BROWNEYE_MoneyChase_5min","Disabled","\"
"BROWNEYE_MoneyChaser","Disabled","\"
"BROWNEYE_MoneyLaneStatus_15min","Disabled","\"
"BROWNEYE_MoneySeed_Closeout_2min","Disabled","\"
"BROWNEYE_MoneySeed_Closeout_Startup","Disabled","\"
"BROWNEYE_MoneySeed_DoorwayExport_10min","Disabled","\"
"BROWNEYE_MoneySeed_DoorwayExport_Startup","Disabled","\"
"BROWNEYE_MoneySeed_QueueConsumer_5min","Disabled","\"
"BROWNEYE_MoneySeed_QueueConsumer_Startup","Disabled","\"
"BROWNEYE_MoneySeed_Watchdog_Startup","Disabled","\"
"BROWNEYE_MTG_STORE_SKUINDEX_2MIN","Disabled","\"
"BROWNEYE_MTG_STORE_WATCHDOG_1MIN","Disabled","\"
"BROWNEYE_MTG_STORE_WATCHDOG_AtBoot","Disabled","\"
"BROWNEYE_MTGStore_AtBoot","Disabled","\"
"BROWNEYE_MTGStore_Watchdog_1min","Disabled","\"
"BROWNEYE_NextAnatomyGovernor_60m","Disabled","\"
"BROWNEYE_NextAnatomyGovernor_OnStart","Disabled","\"
"BROWNEYE_NightShift_5min","Disabled","\"
"BrownEye_Node_NotionPoll_1min","Disabled","\"
"BrownEye_Node_Worker_1min","Disabled","\"
"BrownEye_NodeMesh_Control_30s","Disabled","\"
"BROWNEYE_NotionBus_1min","Disabled","\"
"BrownEye_NotionBus_Daemon_AtStartup","Disabled","\"
"BrownEye_NotionBusVerify_30min","Disabled","\"
"BROWNEYE_NotionJobRunner_1min","Disabled","\"
"BrownEye_NZD_Factory","Disabled","\"
"BrownEye_NZD_Pricer","Disabled","\"
"BrownEye_NZDUSD_SignalEngine","Disabled","\"
"BrownEye_NZMacroFlagger_Daily","Disabled","\"
"BROWNEYE_OCR_INGEST","Disabled","\"
"BrownEye_OfferForge_DataLakeHarvest_60min","Disabled","\"
"BROWNEYE_Ollama_Autostart","Disabled","\"
"BROWNEYE_Ollama_Health_5min","Disabled","\"
"BrownEye_OpsSnapshot_Daily","Disabled","\"
"BrownEye_Orchestrator","Disabled","\"
"BROWNEYE_OrchestratorVNext_1min","Disabled","\"
"BROWNEYE_OrchVNext_1min","Disabled","\"
"BROWNEYE_OutboxSender","Disabled","\"
"BROWNEYE_OvernightSeedDrip_20251228_021534","Disabled","\"
"BROWNEYE_PaidGateBus_2min","Disabled","\"
"BrownEye_PaidProcessorHost","Disabled","\"
"BROWNEYE_PainToPayRig_Refresh","Disabled","\"
"BrownEye_PassiveRevenueLoop","Disabled","\"
"BROWNEYE_PatternEngineV1_Tick","Disabled","\"
"BROWNEYE_PaymentDropIngress_Process_1min","Disabled","\"
"BROWNEYE_PaymentDropIngress_Verify_15min","Disabled","\"
"BROWNEYE_PayPal_FileDrop_Ingest_1min","Disabled","\"
"BROWNEYE_PayPalRuntimeBridge_2min","Disabled","\"
"BROWNEYE_PeggySalesDesk_60min","Disabled","\"
"BROWNEYE_PhaseOut_Daily_0910","Disabled","\"
"BROWNEYE_PipelineWatchdog","Disabled","\"
"BROWNEYE_PopupGuard_1min","Disabled","\"
"BROWNEYE_PriceIntel_15Min","Disabled","\"
"BROWNEYE_PriceIntel_Watchdog_30Min","Disabled","\"
"BROWNEYE_PROCESS_ALL_SEEDS","Disabled","\"
"BROWNEYE_PromptGovernorV1_AtLogon","Disabled","\"
"BROWNEYE_ProofContract_Smoke_15m","Disabled","\"
"BrownEye_ProofContract_Watchdog_15min","Disabled","\"
"BrownEye_ProofHealth_5min","Disabled","\"
"BrownEye_PyAutoRunner_1min","Disabled","\"
"BROWNEYE_QR_Health_15min","Disabled","\"
"BROWNEYE_QR_RuntimeGate_10min","Disabled","\"
"BrownEye_QuasarHealth_15min","Disabled","\"
"BROWNEYE_QuasarHealth_1min","Disabled","\"
"BROWNEYE_QuasarHealth_60m","Disabled","\"
"BROWNEYE_QuasarHealth_Daily","Disabled","\"
"BROWNEYE_QuasarHealthBar_Hourly","Disabled","\"
"BROWNEYE_QuasarHealthKick_15min","Disabled","\"
"BrownEye_QuasarKitVerify_Daily_0900","Disabled","\"
"BROWNEYE_RealityAuditV2_Run_15min","Disabled","\"
"BROWNEYE_RealityAuditV2_Verify_15min","Disabled","\"
"BROWNEYE_ReceiptIntake_1min","Disabled","\"
"BROWNEYE_ReceiptIntake_Startup","Disabled","\"
"BROWNEYE_Refinery","Disabled","\"
"BROWNEYE_RefineryOrchestrator","Disabled","\"
"BROWNEYE_REFLEX_ENGINE_SWEEP","Disabled","\"
"BROWNEYE_RescueIngressHunter_Run_1min","Disabled","\"
"BROWNEYE_RescueIngressHunter_Verify_15min","Disabled","\"
"BROWNEYE_RescuePaidBridge_Run_1min","Disabled","\"
"BROWNEYE_RescuePaidBridge_Verify_15min","Disabled","\"
"BROWNEYE_RescueV2_Drain_2min","Disabled","\"
"BROWNEYE_RescueV2_Listener_AtLogon","Disabled","\"
"BROWNEYE_RescueV2_Verify_15min","Disabled","\"
"BrownEye_ReservedList_ArbEngine","Disabled","\"
"BrownEye_RevenueFactories","Disabled","\"
"BROWNEYE_RevenueLane_1min","Disabled","\"
"BROWNEYE_RevenueLane_Sidecar_1min","Disabled","\"
"BROWNEYE_RevenuePlumber_5min","Disabled","\"
"BROWNEYE_RichCell_InstantDelivery_5min","Disabled","\"
"BROWNEYE_RichCell_InstantDelivery_AtBoot","Disabled","\"
"BROWNEYE_RichCell_InstantDelivery_Health_15min","Disabled","\"
"BROWNEYE_RL_ARB","Disabled","\"
"BROWNEYE_RunnerLite_SeedIntake_Refine_1m","Disabled","\"
"BROWNEYE_SchtasksFix_SelfHeal_0215","Disabled","\"
"BROWNEYE_ScoutOverlay_Audit_2000","Disabled","\"
"BROWNEYE_ScoutOverlay_Backup_30min","Disabled","\"
"BROWNEYE_ScoutOverlay_Health_20min","Disabled","\"
"BROWNEYE_ScoutOverlay_Health_Startup","Disabled","\"
"BROWNEYE_ScoutOverlay_Scout_15min","Disabled","\"
"BROWNEYE_ScoutOverlay_Scout_Startup","Disabled","\"
"BROWNEYE_ScoutOverlay_Watchdog_10min","Disabled","\"
"BROWNEYE_ScoutOverlay_Watchdog_2min","Disabled","\"
"BROWNEYE_ScoutOverlay_Watchdog_Startup","Disabled","\"
"BrownEye_Sealed_ArbEngine","Disabled","\"
"BrownEye_SeedRefeeder","Disabled","\"
"BrownEye_SeedRefeeder_v2","Disabled","\"
"BROWNEYE_SelfSeeder_Daily","Disabled","\"
"BROWNEYE_SellableQueue_1min","Disabled","\"
"BROWNEYE_SellableQueue_AtBoot","Disabled","\"
"BROWNEYE_SellNowRevenue_30min","Disabled","\"
"BrownEye_SentimentPing","Disabled","\"
"BrownEye_ServeSurface_Health_2min","Disabled","\"
"BrownEye_ServeSurface_Sync_5min","Disabled","\"
"BROWNEYE_ShellFenceWatchdog_1min","Disabled","\"
"BROWNEYE_SiloRouter_Verify_10min","Running","\"
"BROWNEYE_SKUForge_30m","Disabled","\"
"BROWNEYE_SnapshotUpdater","Disabled","\"
"BROWNEYE_SourceFactory","Disabled","\"
"BROWNEYE_SpecGate_DailyVerify","Disabled","\"
"BROWNEYE_SPINAL_MESH_DISPATCHER","Disabled","\"
"BROWNEYE_SPINAL_MESH_HEALTH","Disabled","\"
"BROWNEYE_SPINAL_MESH_WORKER_CONTAINMENT","Disabled","\"
"BROWNEYE_SPINAL_MESH_WORKER_FACTORY","Disabled","\"
"BROWNEYE_SPINAL_MESH_WORKER_TELEMETRY","Disabled","\"
"BROWNEYE_SplitServe_Sync_5min","Disabled","\"
"BROWNEYE_SplitServe_Tick_5min","Disabled","\"
"BrownEye_Spread_ArbEngine","Disabled","\"
"BROWNEYE_StartCore_OnLogon","Disabled","\"
"BROWNEYE_StartCore_Watchdog_2min","Disabled","\"
"BROWNEYE_StencilForge_DashHost","Disabled","\"
"BROWNEYE_StencilForge_UnifiedDash_OnStart","Disabled","\"
"BROWNEYE_StencilForge_UnifiedDash_Watchdog_5min","Disabled","\"
"BrownEye_StockSignals","Disabled","\"
"BROWNEYE_StripeFulfillmentPoll_Every5Min","Disabled","\"
"BROWNEYE_StripeListener_1min","Disabled","\"
"BROWNEYE_StripeListener_AtBoot","Disabled","\"
"BROWNEYE_StripeListener_AtLogon","Disabled","\"
"BROWNEYE_StripeListener_Watchdog","Disabled","\"
"BrownEye_StripePollHost","Disabled","\"
"BROWNEYE_StripeReceiver_AtBoot","Disabled","\"
"BROWNEYE_StripeReceiver_Watchdog_1min","Disabled","\"
"BrownEye_StripeWebhookAdapter_2min","Disabled","\"
"BrownEye_StripeWebhookAdapter_AtBoot","Disabled","\"
"BROWNEYE_StripeWebhookListener_AtStartup","Disabled","\"
"BROWNEYE_StripeWebhookReceiver_OnLogon","Disabled","\"
"BrownEye_StripeWebhookServer_AtBoot","Disabled","\"
"BROWNEYE_SuperVerifier_5min","Disabled","\"
"BrownEye_Supervisor","Disabled","\"
"BROWNEYE_Supervisor_1min","Disabled","\"
"BROWNEYE_Supervisor_2min","Disabled","\"
"BrownEye_SurfaceGuard_10min","Disabled","\"
"BrownEye_SystemFeedHarvester","Disabled","\"
"BROWNEYE_TailDashFrontDoor","Disabled","\"
"BROWNEYE_TailDashMobileV3_AtBoot","Disabled","\"
"BROWNEYE_TailDashWatchdog_1min","Disabled","\"
"BROWNEYE_TaskRestarter_5min","Disabled","\"
"BROWNEYE_TemplateOS_BuyGate_1min","Disabled","\"
"BROWNEYE_TemplateOS_Heartbeat_1min","Disabled","\"
"BROWNEYE_TemplateOS_WalVerify_1min","Disabled","\"
"BrownEye_TemplateOSHeartbeat_1min","Disabled","\"
"BROWNEYE_TrackRepair_5min","Disabled","\"
"BrownEye_TravelDeals","Disabled","\"
"BrownEye_TRI_Factory","Disabled","\"
"BROWNEYE_TRIFECTA_RUN","Disabled","\"
"BrownEye_TrustEngine_CorrelationDaily","Disabled","\"
"BrownEye_TrustEngine_EvaluateHourly","Disabled","\"
"BROWNEYE_TumblrPipeline","Disabled","\"
"BROWNEYE_UnifiedDash_Watchdog_1min","Disabled","\"
"BROWNEYE_UnifiedDash_Watchdog_5min","Disabled","\"
"BROWNEYE_UnifiedDash_Watchdog_AtBoot","Disabled","\"
"BROWNEYE_UnifiedDash_WatchdogRunner_1min","Disabled","\"
"BROWNEYE_UPS_Server_OnStart","Disabled","\"
"BROWNEYE_UPS_Watchdog_1min","Disabled","\"
"BROWNEYE_V4_Watchdog_2min","Disabled","\"
"BROWNEYE_VERIFY_60S_AT_LOGON","Disabled","\"
"BrownEye_VoiceBus_Watchdog","Disabled","\"
"BROWNEYE_VoiceSrv_AtBoot","Disabled","\"
"BROWNEYE_Watchdog_2min","Disabled","\"
"BROWNEYE_WebBridge9876_AtBoot","Disabled","\"
"BROWNEYE_WebBridge9876_Ensure_1min","Disabled","\"
"BROWNEYE_WedgeGovernor_5min","Disabled","\"
"BROWNEYE_Xminus_ArbEngine_1min","Disabled","\"
"BROWNEYE_Xminus_ArbEngine_Supervisor_5min","Disabled","\"
"BROWNEYE_Xminus_SignalSKU_Daily_0730","Disabled","\"
"BROWNEYE_XMINUS_SignalSKU_Packer_60m","Disabled","\"
"BROWNEYE_Xminus_SignalSKU_Supervisor_6h","Disabled","\"
"BrownEyeAutoPost","Disabled","\"
"BrownEyeCapitalAllocator","Disabled","\"
"BrownEyeCryptoDailyHealth","Disabled","\"
"BrownEyeCryptoProfitDigest","Disabled","\"
"BrownEyeCryptoWeeklyValidation","Disabled","\"
"BrownEyeDailyMonetisation","Disabled","\"
"BrownEyeEngineWatchdog","Disabled","\"
"BrownEyeExecLogIntegrity","Disabled","\"
"BrownEyeFactoryWatchdog","Disabled","\"
"BrownEyeFailsafeGuard","Disabled","\"
"BrownEyeGPU","Disabled","\"
"BrownEyeGPURentalAgent","Disabled","\"
"BrownEyeIncidentMonitor","Disabled","\"
"BrownEyeLaneRouter","Disabled","\"
"BrownEyeLMStudioProbe","Disabled","\"
"BrownEyePNLDashboard","Disabled","\"
"BrownEyeProfitLedger","Disabled","\"
"BrownEyePromotionGate","Disabled","\"
"BrownEyeReinvestment","Disabled","\"
"BrownEyeRuntimeState","Disabled","\"
"BrownEyeStewardDashboard","Disabled","\"
"BrownEyeStewardshipWatchdog","Disabled","\"
"BrownEyeStoreEngine","Disabled","\"
"BrownEyeStrategyDarwinizer","Disabled","\"
"BrownEyeWorkerAtLogon","Disabled","\"
"BrownEyeWorkerNode","Disabled","\"
"BXC_MTG_Bot_Daily","Disabled","\"
"BXC_MTG_RETRAIN_WEEKLY","Disabled","\"
"BXC_MTG_SCRAPE_DAILY","Disabled","\"
"BXC_OnionWorker","Disabled","\"
"BXC_QUEUE_RUNNER_5MIN","Disabled","\"
"CC_BAE_Daily","Disabled","\"
"CC_BAE_Run","Disabled","\"
"CC_Crypto_Discord_Ticker","Disabled","\"
"CC_DeckAudits","Disabled","\"
"CC_Intake","Disabled","\"
"CC_MonthlyReport","Disabled","\"
"CC_PanicButton","Disabled","\"
"CC_RevenueCore","Disabled","\"
"CollectorCoastWorker","Disabled","\"
"CollectorsCoast_API","Disabled","\"
"CollectorsCoast_Arbitrage","Disabled","\"
"CollectorsCoast_FlushTeasers","Disabled","\"
"CollectorsCoast_PatreonDiscordSync","Disabled","\"
"CollectorsCoast_PatreonDiscordSync_Health","Disabled","\"
"CollectorsCoast_PatreonNudge","Disabled","\"
"CollectorsCoast_PatreonSync","Disabled","\"
"CollectorsCoast_RevenueLoop","Disabled","\"
"CollectorsCoast_SignalQueue","Disabled","\"
"CollectorsCoast_TumblrExport","Disabled","\"
"CollectorsCoast_TumblrPoster","Disabled","\"
"CollectorsCoast_TumblrPoster_Health","Disabled","\"
"CONTROLROOM_DASH_HOST","Disabled","\"
"CortexKernel","Disabled","\"
"DailyMoversTask","Disabled","\"
"DiscordPaywallTask","Disabled","\"
"DualLoop_AutoStart","Disabled","\"
"DualLoop_EnsureRunning","Disabled","\"
"EDGE_UPS_PhaseGate_5min","Disabled","\"
"GeneralStencil_BuildCatalog_Hourly","Disabled","\"
"GeneralStencil_CatalogServer_AtStartup","Disabled","\"
"GeneralStencil_CatalogServer_OnLogon","Disabled","\"
"GeneralStencil_Dashboard_Daily","Disabled","\"
"GeneralStencil_Dashboard_OnLogon","Disabled","\"
"GeneralStencil_FulfillmentListener","Disabled","\"
"GeneralStencil_FulfillmentListener_OnLogon","Disabled","\"
"GeneralStencil_Governor_WeeklyPrune","Disabled","\"
"GeneralStencil_MakePlacementKits_Hourly","Disabled","\"
"GeneralStencil_MakeReadyPosts_Hourly","Disabled","\"
"GeneralStencil_MicroProducts_Daily","Disabled","\"
"GeneralStencil_MicroProducts_Weekly","Disabled","\"
"GeneralStencil_PortfolioLedger_Hourly","Disabled","\"
"GeneralStencil_PostSellQueue_Hourly","Disabled","\"
"GeneralStencil_PublicTunnel_AtStartup","Disabled","\"
"GeneralStencil_PushNow_Daily","Disabled","\"
"GeneralStencil_RAINBOW_Daily","Disabled","\"
"GeneralStencil_ReconcilePayments_Hourly","Disabled","\"
"GeneralStencil_ScaleOut_Plan_Daily","Disabled","\"
"GeneralStencil_ScaleOut_Worker_5min","Disabled","\"
"GeneralStencil_VoiceBridge_15min","Disabled","\"
"GPURentalAgent","Running","\"
"HAPPYHOMARID_ClaimsScan_6h","Disabled","\"
"HAPPYHOMARID_DeckFuneral_DailyOutreachProof_0915","Disabled","\"
"HAPPYHOMARID_DeckFuneral_IngestLeadsInbox_15min","Disabled","\"
"HAPPYHOMARID_OutreachSalesStatus_15min","Disabled","\"
"HAPPYHOMARID_SimProof_Stamp_1h","Disabled","\"
"HAPPYHOMARID_SimsRepro_HealthCheck_6h","Disabled","\"
"HappyHomaridSignalEngine","Disabled","\"
"HH_Image_Compress","Disabled","\"
"HH_Photo_Session","Disabled","\"
"HH_SignalCycle_Hourly","Disabled","\"
"HH_SKU_Cost_Validation","Disabled","\"
"HH_Watchdog_Hourly","Disabled","\"
"KPIDashboardTask","Disabled","\"
"LilPegty_PQI_Quarterly","Disabled","\"
"LilPegty_Sentiment_Monthly","Disabled","\"
"MicrosoftEdgeUpdateTaskMachineCore{07392140-A26B-4DD0-8EEE-9B8DC2CB0D21}","Running","\"
"MicrosoftEdgeUpdateTaskMachineUA{CA1A3E9E-5CF2-4DB1-B7BC-EB1B549AB656}","Ready","\"
"MTG Price Fetcher","Disabled","\"
"MTG_Daily_Report","Disabled","\"
"MTG_MultiSource_PriceSpike","Disabled","\"
"MTG_PriceSpike","Disabled","\"
"MTG_PushTop3_Daily","Disabled","\"
"MTG_SeedFeeder","Disabled","\"
"NVIDIA App SelfUpdate_{B2FE1952-0186-46C3-BAEC-A80AA35AC5B8}","Ready","\"
"OneDrive Reporting Task-S-1-5-21-2306674027-2847588631-2547744791-1001","Ready","\"
"OneDrive Reporting Task-S-1-5-21-2306674027-2847588631-2547744791-1003","Ready","\"
"OneDrive Reporting Task-S-1-5-21-2306674027-2847588631-2547744791-1005","Ready","\"
"OneDrive Standalone Update Task-S-1-5-21-2306674027-2847588631-2547744791-1001","Ready","\"
"OneDrive Standalone Update Task-S-1-5-21-2306674027-2847588631-2547744791-1003","Ready","\"
"OneDrive Standalone Update Task-S-1-5-21-2306674027-2847588631-2547744791-1005","Ready","\"
"OneDrive Startup Task-S-1-5-21-2306674027-2847588631-2547744791-1001","Ready","\"
"OneDrive Startup Task-S-1-5-21-2306674027-2847588631-2547744791-1003","Ready","\"
"OneDrive Startup Task-S-1-5-21-2306674027-2847588631-2547744791-1005","Ready","\"
"ONION_AUDIT_HOURLY","Disabled","\"
"Opera scheduled assistant Autoupdate 1758702322","Ready","\"
"Opera scheduled Autoupdate 1758702317","Ready","\"
"PitchCatchAutoLoop Health","Disabled","\"
"PitchCatchAutoLoop Health Minute","Disabled","\"
"PitchCatchAutoLoop Intake","Disabled","\"
"PitchCatchAutoLoop Worker","Disabled","\"
"PitchCatchAutoLoop Worker (1min)","Disabled","\"
"PitchCatchAutoLoop Worker Minute","Disabled","\"
"PM2_Startup","Ready","\"
"ProductFactoryTask","Disabled","\"
"ReinvestmentCycle","Ready","\"
"RIE01_RacingIntel","Disabled","\"
"SealedArbFlush","Disabled","\"
"SECTrackerTask","Disabled","\"
"SRI_Signal_Harvester","Ready","\"
"TempMemoryDebug","Disabled","\"
"TempMemoryTest","Disabled","\"
"TestLauncher","Disabled","\"
"TestPython","Disabled","\"
"TEXT_DashBridge_15min","Disabled","\"
"WeeklyReportTask","Disabled","\"
"FactoryIterRefineWorker_2min","Disabled","\BrownEye\"
"PanicKillBlueWindows_1min","Disabled","\BrownEye\"
"Weeknight-Orchestrator","Ready","\BrownEye\PowerHours\"
"Weeknights","Ready","\BrownEye\PowerHours\"
"GoogleUpdaterTaskSystem149.0.7814.0{660C2AB0-2C2E-4314-8E41-27F40C9A538E}","Ready","\GoogleSystem\GoogleUpdater\"
".NET Framework NGEN v4.0.30319","Ready","\Microsoft\Windows\.NET Framework\"
".NET Framework NGEN v4.0.30319 64","Ready","\Microsoft\Windows\.NET Framework\"
".NET Framework NGEN v4.0.30319 64 Critical","Disabled","\Microsoft\Windows\.NET Framework\"
".NET Framework NGEN v4.0.30319 Critical","Disabled","\Microsoft\Windows\.NET Framework\"
"RecoverabilityToastTask","Ready","\Microsoft\Windows\AccountHealth\"
"AD RMS Rights Policy Template Management (Automated)","Disabled","\Microsoft\Windows\Active Directory Rights Management Services Client\"
"AD RMS Rights Policy Template Management (Manual)","Ready","\Microsoft\Windows\Active Directory Rights Management Services Client\"
"EDP Policy Manager","Ready","\Microsoft\Windows\AppID\"
"PolicyConverter","Ready","\Microsoft\Windows\AppID\"
"VerifiedPublisherCertStoreCheck","Ready","\Microsoft\Windows\AppID\"
"MareBackup","Ready","\Microsoft\Windows\Application Experience\"
"Microsoft Compatibility Appraiser Exp","Ready","\Microsoft\Windows\Application Experience\"
"PcaPatchDbTask","Ready","\Microsoft\Windows\Application Experience\"
"SdbinstMergeDbTask","Ready","\Microsoft\Windows\Application Experience\"
"StartupAppTask","Ready","\Microsoft\Windows\Application Experience\"
"appuriverifierdaily","Ready","\Microsoft\Windows\ApplicationData\"
"appuriverifierinstall","Ready","\Microsoft\Windows\ApplicationData\"
"CleanupTemporaryState","Ready","\Microsoft\Windows\ApplicationData\"
"DsSvcCleanup","Ready","\Microsoft\Windows\ApplicationData\"
"Backup","Ready","\Microsoft\Windows\AppListBackup\"
"BackupNonMaintenance","Ready","\Microsoft\Windows\AppListBackup\"
"Pre-staged app cleanup","Disabled","\Microsoft\Windows\AppxDeploymentClient\"
"UCPD velocity","Ready","\Microsoft\Windows\AppxDeploymentClient\"
"Proxy","Ready","\Microsoft\Windows\Autochk\"
"BitLocker Encrypt All Drives","Ready","\Microsoft\Windows\BitLocker\"
"BitLocker MDM policy Refresh","Ready","\Microsoft\Windows\BitLocker\"
"UninstallDeviceTask","Ready","\Microsoft\Windows\Bluetooth\"
"BgTaskRegistrationMaintenanceTask","Ready","\Microsoft\Windows\BrokerInfrastructure\"
"maintenancetasks","Ready","\Microsoft\Windows\capabilityaccessmanager\"
"AikCertEnrollTask","Ready","\Microsoft\Windows\CertificateServicesClient\"
"CryptoPolicyTask","Ready","\Microsoft\Windows\CertificateServicesClient\"
"KeyPreGenTask","Ready","\Microsoft\Windows\CertificateServicesClient\"
"SystemTask","Ready","\Microsoft\Windows\CertificateServicesClient\"
"UserTask","Ready","\Microsoft\Windows\CertificateServicesClient\"
"UserTask-Roam","Ready","\Microsoft\Windows\CertificateServicesClient\"
"ProactiveScan","Ready","\Microsoft\Windows\Chkdsk\"
"SyspartRepair","Ready","\Microsoft\Windows\Chkdsk\"
"License Validation","Disabled","\Microsoft\Windows\Clip\"
"CreateObjectTask","Ready","\Microsoft\Windows\CloudExperienceHost\"
"Backup","Ready","\Microsoft\Windows\CloudRestore\"
"Restore","Ready","\Microsoft\Windows\CloudRestore\"
"UnifiedConsentSyncTask","Ready","\Microsoft\Windows\ConsentUX\UnifiedConsent\"
"Consolidator","Ready","\Microsoft\Windows\Customer Experience Improvement Program\"
"UsbCeip","Ready","\Microsoft\Windows\Customer Experience Improvement Program\"
"Data Integrity Check And Scan","Ready","\Microsoft\Windows\Data Integrity Scan\"
"Data Integrity Scan","Ready","\Microsoft\Windows\Data Integrity Scan\"
"Data Integrity Scan for Crash Recovery","Ready","\Microsoft\Windows\Data Integrity Scan\"
"ScheduledDefrag","Ready","\Microsoft\Windows\Defrag\"
"Device","Ready","\Microsoft\Windows\Device Information\"
"Device User","Ready","\Microsoft\Windows\Device Information\"
"Driver Recovery on Reboot","Disabled","\Microsoft\Windows\Device Setup\"
"Metadata Refresh","Ready","\Microsoft\Windows\Device Setup\"
"HandleCommand","Ready","\Microsoft\Windows\DeviceDirectoryClient\"
"HandleWnsCommand","Ready","\Microsoft\Windows\DeviceDirectoryClient\"
"IntegrityCheck","Disabled","\Microsoft\Windows\DeviceDirectoryClient\"
"LocateCommandUserSession","Ready","\Microsoft\Windows\DeviceDirectoryClient\"
"RegisterDeviceAccountChange","Ready","\Microsoft\Windows\DeviceDirectoryClient\"
"RegisterDeviceLocationRightsChange","Ready","\Microsoft\Windows\DeviceDirectoryClient\"
"RegisterDevicePeriodic24","Ready","\Microsoft\Windows\DeviceDirectoryClient\"
"RegisterDevicePolicyChange","Ready","\Microsoft\Windows\DeviceDirectoryClient\"
"RegisterDeviceProtectionStateChanged","Ready","\Microsoft\Windows\DeviceDirectoryClient\"
"RegisterDeviceSettingChange","Ready","\Microsoft\Windows\DeviceDirectoryClient\"
"RegisterDeviceWnsFallback","Ready","\Microsoft\Windows\DeviceDirectoryClient\"
"RegisterUserDevice","Ready","\Microsoft\Windows\DeviceDirectoryClient\"
"RecommendedTroubleshootingScanner","Ready","\Microsoft\Windows\Diagnosis\"
"Scheduled","Ready","\Microsoft\Windows\Diagnosis\"
"UnexpectedCodepath","Ready","\Microsoft\Windows\Diagnosis\"
"DirectXDatabaseUpdater","Ready","\Microsoft\Windows\DirectX\"
"DXGIAdapterCache","Ready","\Microsoft\Windows\DirectX\"
"SilentCleanup","Ready","\Microsoft\Windows\DiskCleanup\"
"Microsoft-Windows-DiskDiagnosticDataCollector","Disabled","\Microsoft\Windows\DiskDiagnostic\"
"Microsoft-Windows-DiskDiagnosticResolver","Disabled","\Microsoft\Windows\DiskDiagnostic\"
"Diagnostics","Ready","\Microsoft\Windows\DiskFootprint\"
"StorageSense","Ready","\Microsoft\Windows\DiskFootprint\"
"dusmtask","Ready","\Microsoft\Windows\DUSM\"
"EDP App Launch Task","Ready","\Microsoft\Windows\EDP\"
"EDP Auth Task","Ready","\Microsoft\Windows\EDP\"
"EDP Inaccessible Credentials Task","Ready","\Microsoft\Windows\EDP\"
"StorageCardEncryption Task","Ready","\Microsoft\Windows\EDP\"
"ExploitGuard MDM policy Refresh","Ready","\Microsoft\Windows\ExploitGuard\"
"DmClient","Ready","\Microsoft\Windows\Feedback\Siuf\"
"DmClientOnScenarioDownload","Ready","\Microsoft\Windows\Feedback\Siuf\"
"File History (maintenance mode)","Ready","\Microsoft\Windows\FileHistory\"
"BootstrapUsageDataReporting","Disabled","\Microsoft\Windows\Flighting\FeatureConfig\"
"GovernedFeatureUsageProcessing","Ready","\Microsoft\Windows\Flighting\FeatureConfig\"
"ReconcileConfigs","Ready","\Microsoft\Windows\Flighting\FeatureConfig\"
"ReconcileFeatures","Ready","\Microsoft\Windows\Flighting\FeatureConfig\"
"SafeguardsReconciliation","Ready","\Microsoft\Windows\Flighting\FeatureConfig\"
"UsageDataFlushing","Ready","\Microsoft\Windows\Flighting\FeatureConfig\"
"UsageDataReceiver","Ready","\Microsoft\Windows\Flighting\FeatureConfig\"
"UsageDataReporting","Ready","\Microsoft\Windows\Flighting\FeatureConfig\"
"RefreshCache","Ready","\Microsoft\Windows\Flighting\OneSettings\"
"InputSettingsRestoreDataAvailable","Ready","\Microsoft\Windows\input\"
"LocalUserSyncDataAvailable","Ready","\Microsoft\Windows\input\"
"MouseSyncDataAvailable","Ready","\Microsoft\Windows\input\"
"PenSyncDataAvailable","Ready","\Microsoft\Windows\input\"
"RemoteMouseSyncDataAvailable","Ready","\Microsoft\Windows\input\"
"RemotePenSyncDataAvailable","Ready","\Microsoft\Windows\input\"
"RemoteTouchpadSyncDataAvailable","Ready","\Microsoft\Windows\input\"
"syncpensettings","Ready","\Microsoft\Windows\input\"
"TouchpadSyncDataAvailable","Ready","\Microsoft\Windows\input\"
"RestoreDevice","Ready","\Microsoft\Windows\InstallService\"
"ScanForUpdates","Ready","\Microsoft\Windows\InstallService\"
"ScanForUpdatesAsUser","Ready","\Microsoft\Windows\InstallService\"
"SmartRetry","Ready","\Microsoft\Windows\InstallService\"
"WakeUpAndContinueUpdates","Disabled","\Microsoft\Windows\InstallService\"
"WakeUpAndScanForUpdates","Disabled","\Microsoft\Windows\InstallService\"
"Synchronize Language Settings","Ready","\Microsoft\Windows\International\"
"La57Cleanup","Ready","\Microsoft\Windows\Kernel\"
"Installation","Ready","\Microsoft\Windows\LanguageComponentsInstaller\"
"ReconcileLanguageResources","Ready","\Microsoft\Windows\LanguageComponentsInstaller\"
"Uninstallation","Disabled","\Microsoft\Windows\LanguageComponentsInstaller\"
"TempSignedLicenseExchange","Ready","\Microsoft\Windows\License Manager\"
"WindowsActionDialog","Ready","\Microsoft\Windows\Location\"
"WinSAT","Ready","\Microsoft\Windows\Maintenance\"
"DetectHardwareChange","Disabled","\Microsoft\Windows\Management\Autopilot\"
"RemediateHardwareChange","Disabled","\Microsoft\Windows\Management\Autopilot\"
"Cellular","Ready","\Microsoft\Windows\Management\Provisioning\"
"Logon","Ready","\Microsoft\Windows\Management\Provisioning\"
"MdmDiagnosticsCleanup","Disabled","\Microsoft\Windows\Management\Provisioning\"
"Retry","Disabled","\Microsoft\Windows\Management\Provisioning\"
"RunOnReboot","Disabled","\Microsoft\Windows\Management\Provisioning\"
"MapsToastTask","Ready","\Microsoft\Windows\Maps\"
"MapsUpdateTask","Disabled","\Microsoft\Windows\Maps\"
"AutomaticOfflineMemoryDiagnostic","Ready","\Microsoft\Windows\MemoryDiagnostic\"
"ProcessMemoryDiagnosticEvents","Ready","\Microsoft\Windows\MemoryDiagnostic\"
"RunFullMemoryDiagnostic","Disabled","\Microsoft\Windows\MemoryDiagnostic\"
"LPRemove","Ready","\Microsoft\Windows\MUI\"
"SystemSoundsService","Running","\Microsoft\Windows\Multimedia\"
"NcsiIdentifyUserProxies","Ready","\Microsoft\Windows\Network Connectivity Status Indicator\"
"WiFiTask","Ready","\Microsoft\Windows\NlaSvc\"
"PCR Prediction Framework Firmware Update Task","Ready","\Microsoft\Windows\PCRPF\"
"RequestTrace","Ready","\Microsoft\Windows\PerformanceTrace\"
"ShowFeedbackToast","Ready","\Microsoft\Windows\PerformanceTrace\"
"WhesvcToast","Ready","\Microsoft\Windows\PerformanceTrace\"
"Secure-Boot-Update","Ready","\Microsoft\Windows\PI\"
"Sqm-Tasks","Ready","\Microsoft\Windows\PI\"
"Device Install Group Policy","Ready","\Microsoft\Windows\Plug and Play\"
"Device Install Reboot Required","Ready","\Microsoft\Windows\Plug and Play\"
"Sysprep Generalize Drivers","Ready","\Microsoft\Windows\Plug and Play\"
"Pluton-Ksp-Provisioning","Ready","\Microsoft\Windows\Pluton\"
"AnalyzeSystem","Ready","\Microsoft\Windows\Power Efficiency Diagnostics\"
"EduPrintProv","Ready","\Microsoft\Windows\Printing\"
"PrinterCleanupTask","Ready","\Microsoft\Windows\Printing\"
"PrintJobCleanupTask","Disabled","\Microsoft\Windows\Printing\"
"LoginCheck","Ready","\Microsoft\Windows\PushToInstall\"
"Registration","Ready","\Microsoft\Windows\PushToInstall\"
"MobilityManager","Ready","\Microsoft\Windows\Ras\"
"VerifyWinRE","Disabled","\Microsoft\Windows\RecoveryEnvironment\"
"Initialization","Ready","\Microsoft\Windows\ReFsDedupSvc\"
"RegIdleBackup","Ready","\Microsoft\Windows\Registry\"
"RemoteAssistanceTask","Ready","\Microsoft\Windows\RemoteAssistance\"
"OOBEFodSetup","Disabled","\Microsoft\Windows\Servicing\"
"StartComponentCleanup","Ready","\Microsoft\Windows\Servicing\"
"PITRTask","Ready","\Microsoft\Windows\Setup\"
"SetupRecoveryDataTask","Ready","\Microsoft\Windows\Setup\"
"Account Cleanup","Disabled","\Microsoft\Windows\SharedPC\"
"CreateObjectTask","Ready","\Microsoft\Windows\Shell\"
"FamilySafetyRefreshTask","Ready","\Microsoft\Windows\Shell\"
"IndexerAutomaticMaintenance","Ready","\Microsoft\Windows\Shell\"
"ThemeAssetTask_SyncFODState","Disabled","\Microsoft\Windows\Shell\"
"ThemesSyncedImageDownload","Ready","\Microsoft\Windows\Shell\"
"UpdateUserPictureTask","Ready","\Microsoft\Windows\Shell\"
"UpdateUserPictureTaskContained","Ready","\Microsoft\Windows\Shell\"
"SvcRestartTask","Ready","\Microsoft\Windows\SoftwareProtectionPlatform\"
"SvcRestartTaskLogon","Disabled","\Microsoft\Windows\SoftwareProtectionPlatform\"
"SvcRestartTaskNetwork","Disabled","\Microsoft\Windows\SoftwareProtectionPlatform\"
"SpaceAgentTask","Ready","\Microsoft\Windows\SpacePort\"
"SpaceManagerTask","Ready","\Microsoft\Windows\SpacePort\"
"SpeechModelDownloadTask","Ready","\Microsoft\Windows\Speech\"
"MaintenanceTasks","Ready","\Microsoft\Windows\StateRepository\"
"Storage Tiers Management Initialization","Ready","\Microsoft\Windows\Storage Tiers Management\"
"Storage Tiers Optimization","Disabled","\Microsoft\Windows\Storage Tiers Management\"
"EnableLicenseAcquisition","Ready","\Microsoft\Windows\Subscription\"
"LicenseAcquisition","Disabled","\Microsoft\Windows\Subscription\"
"PowerGridForecastTask","Ready","\Microsoft\Windows\Sustainability\"
"SustainabilityTelemetry","Ready","\Microsoft\Windows\Sustainability\"
"HybridDriveCachePrepopulate","Disabled","\Microsoft\Windows\Sysmain\"
"HybridDriveCacheRebalance","Disabled","\Microsoft\Windows\Sysmain\"
"ResPriStaticDbSync","Ready","\Microsoft\Windows\Sysmain\"
"WsSwapAssessmentTask","Ready","\Microsoft\Windows\Sysmain\"
"SR","Ready","\Microsoft\Windows\SystemRestore\"
"Interactive","Ready","\Microsoft\Windows\Task Manager\"
"ForceSynchronizeTime","Ready","\Microsoft\Windows\Time Synchronization\"
"SynchronizeTime","Ready","\Microsoft\Windows\Time Synchronization\"
"SynchronizeTimeZone","Ready","\Microsoft\Windows\Time Zone\"
"Tpm-HASCertRetr","Ready","\Microsoft\Windows\TPM\"
"Tpm-Maintenance","Ready","\Microsoft\Windows\TPM\"
"Tpm-PreAttestationHealthCheck","Ready","\Microsoft\Windows\TPM\"
"Report policies","Ready","\Microsoft\Windows\UpdateOrchestrator\"
"Schedule Maintenance Work","Disabled","\Microsoft\Windows\UpdateOrchestrator\"
"Schedule Scan","Ready","\Microsoft\Windows\UpdateOrchestrator\"
"Schedule Scan Static Task","Ready","\Microsoft\Windows\UpdateOrchestrator\"
"Schedule Wake To Work","Disabled","\Microsoft\Windows\UpdateOrchestrator\"
"Schedule Work","Ready","\Microsoft\Windows\UpdateOrchestrator\"
"Start Oobe Expedite Work","Ready","\Microsoft\Windows\UpdateOrchestrator\"
"StartOobeAppsScanAfterUpdate","Ready","\Microsoft\Windows\UpdateOrchestrator\"
"StartOobeAppsScan_LicenseAccepted","Ready","\Microsoft\Windows\UpdateOrchestrator\"
"UIEOrchestrator","Ready","\Microsoft\Windows\UpdateOrchestrator\"
"USO_UxBroker","Ready","\Microsoft\Windows\UpdateOrchestrator\"
"UUS Failover Task","Ready","\Microsoft\Windows\UpdateOrchestrator\"
"UPnPHostConfig","Ready","\Microsoft\Windows\UPnP\"
"UsageAndQualityInsights-MaintenanceTask","Ready","\Microsoft\Windows\UsageAndQualityInsights\"
"Usb-Notifications","Ready","\Microsoft\Windows\USB\"
"HiveUploadTask","Disabled","\Microsoft\Windows\User Profile Service\"
"PerformRemediation","Ready","\Microsoft\Windows\WaaSMedic\"
"WiFiTask","Ready","\Microsoft\Windows\WCM\"
"ResolutionHost","Ready","\Microsoft\Windows\WDI\"
"Windows Defender Cache Maintenance","Ready","\Microsoft\Windows\Windows Defender\"
"Windows Defender Cleanup","Ready","\Microsoft\Windows\Windows Defender\"
"Windows Defender Scheduled Scan","Ready","\Microsoft\Windows\Windows Defender\"
"Windows Defender Verification","Ready","\Microsoft\Windows\Windows Defender\"
"QueueReporting","Ready","\Microsoft\Windows\Windows Error Reporting\"
"BfeOnServiceStartTypeChange","Ready","\Microsoft\Windows\Windows Filtering Platform\"
"UpdateLibrary","Ready","\Microsoft\Windows\Windows Media Sharing\"
"ModelCachingIdle","Disabled","\Microsoft\Windows\WindowsAI\ClickToDo\"
"ModelCachingLimit","Ready","\Microsoft\Windows\WindowsAI\ClickToDo\"
"ModelCachingUpdate","Ready","\Microsoft\Windows\WindowsAI\ClickToDo\"
"InitialConfiguration","Disabled","\Microsoft\Windows\WindowsAI\Recall\"
"PolicyConfiguration","Ready","\Microsoft\Windows\WindowsAI\Recall\"
"InitialConfiguration","Ready","\Microsoft\Windows\WindowsAI\Settings\"
"Calibration Loader","Ready","\Microsoft\Windows\WindowsColorSystem\"
"Refresh Group Policy Cache","Ready","\Microsoft\Windows\WindowsUpdate\"
"Scheduled Start","Ready","\Microsoft\Windows\WindowsUpdate\"
"CacheTask","Running","\Microsoft\Windows\Wininet\"
"CDSSync","Ready","\Microsoft\Windows\WlanSvc\"
"MoProfileManagement","Ready","\Microsoft\Windows\WlanSvc\"
"WIM-Hash-Management","Ready","\Microsoft\Windows\WOF\"
"WIM-Hash-Validation","Ready","\Microsoft\Windows\WOF\"
"Work Folders Logon Synchronization","Ready","\Microsoft\Windows\Work Folders\"
"Work Folders Maintenance Work","Ready","\Microsoft\Windows\Work Folders\"
"Automatic-Device-Join","Disabled","\Microsoft\Windows\Workplace Join\"
"Device-Sync","Disabled","\Microsoft\Windows\Workplace Join\"
"Recovery-Check","Disabled","\Microsoft\Windows\Workplace Join\"
"NotificationTask","Ready","\Microsoft\Windows\WwanSvc\"
"OobeDiscovery","Ready","\Microsoft\Windows\WwanSvc\"
"XblGameSaveTask","Ready","\Microsoft\XblGameSave\"
"SoftLandingCreativeManagementTask","Ready","\SoftLanding\S-1-5-21-2306674027-2847588631-2547744791-1001\"
"SoftLandingCreativeManagementTask","Ready","\SoftLanding\S-1-5-21-2306674027-2847588631-2547744791-1005\"
"SoftLandingDeferralTask-{7dff07d2-05cc-46ea-a8eb-90756c3e9666}","Ready","\SoftLanding\S-1-5-21-2306674027-2847588631-2547744791-1005\"
"SoftLandingTriggerTask-128000000001615609-render-{4d4493d0-789f-409b-94e4-f82ebc8a7d95}","Disabled","\SoftLanding\S-1-5-21-2306674027-2847588631-2547744791-1005\"
"SoftLandingCreativeManagementTask","Ready","\SoftLanding\S-1-5-21-2306674027-2847588631-2547744791-1006\"
